id,date,prix,ville,nombre_lots,lot1_surface1,lot2_surface1,lot3_surface1,lot4_surface1,lot5_surface1,type,surface2,nombre_pieces,nature_culture,surface_terrain
1,2015-01-16,217000.0,B,0,,,,,,Maison,147.0,5.0,sols,704.0
2,2017-09-08,1691000.0,C,1,65.09,,,,,Appartement,71.0,2.0,,
3,2018-12-05,43000.0,B,2,50.35,,,,,Appartement,50.0,2.0,,
4,2018-08-09,139330.0,B,0,,,,,,Maison,53.0,3.0,sols,235.0
5,2016-02-04,665000.0,D,2,71.94,,,,,Appartement,75.0,4.0,,
6,2019-07-03,485000.0,D,2,39.02,,,,,Appartement,39.0,2.0,,
7,2018-07-06,81900.0,B,2,40.94,,,,,Appartement,42.0,2.0,,
8,2017-12-27,1880000.0,D,3,192.08,,,,,Appartement,192.0,7.0,,
9,2019-10-17,10000.0,D,1,,,,,,Dépendance,,0.0,,
10,2016-08-11,145800.0,A,0,,,,,,Maison,188.0,5.0,sols,188.0
11,2019-07-01,650000.0,D,2,41.4,,,,,Appartement,41.0,2.0,,
12,2016-12-21,257000.0,B,0,,,,,,Maison,95.0,4.0,sols,435.0
13,2016-09-12,213000.0,B,0,,,,,,Maison,130.0,5.0,sols,134.0
14,2016-07-08,113000.0,A,0,,,,,,Maison,70.0,4.0,sols,749.0
15,2018-10-26,1615550.0,C,2,88.27,,,,,Appartement,87.0,4.0,,
16,2016-05-18,60000.0,D,1,,,,,,Dépendance,,0.0,,
17,2017-12-11,60000.0,C,1,,,,,,Local industriel. commercial ou assimilé,21.0,0.0,,
18,2015-12-01,249717.0,D,2,15.25,9.68,,,,Appartement,24.0,2.0,,
19,2018-09-17,421540.0,D,2,38.52,,,,,Appartement,43.0,1.0,,
20,2015-04-08,1400000.0,D,0,,,,,,Maison,128.0,4.0,sols,81.0
21,2017-10-27,1112000.0,C,4,91.9,,,,,Appartement,94.0,4.0,,
22,2017-08-16,1800000.0,C,3,,,162.1,,,Appartement,161.0,3.0,,
23,2019-10-14,330000.0,D,1,31.6,,,,,Appartement,31.0,2.0,,
24,2018-09-28,153000.0,D,1,12.74,,,,,Appartement,13.0,1.0,,
25,2019-03-29,222000.0,B,0,,,,,,Local industriel. commercial ou assimilé,70.0,0.0,sols,74.0
26,2017-02-28,82000.0,B,0,,,,,,Local industriel. commercial ou assimilé,112.0,0.0,sols,290.0
27,2017-03-20,1343000.0,C,2,,97.25,,,,Appartement,73.0,4.0,,
28,2018-04-09,550000.0,C,1,44.21,,,,,Local industriel. commercial ou assimilé,37.0,0.0,,
29,2015-07-09,140000.0,B,0,,,,,,Maison,66.0,2.0,sols,113.0
30,2015-02-20,1345000.0,C,2,,162.66,,,,Appartement,168.0,5.0,,
31,2017-01-23,1530000.0,C,4,,,,172.18,,Appartement,160.0,5.0,,
32,2018-04-06,105000.0,B,0,,,,,,Maison,78.0,3.0,sols,193.0
33,2018-12-19,492000.0,C,2,34.85,,,,,Local industriel. commercial ou assimilé,37.0,0.0,,
34,2017-09-20,1181800.0,D,2,134.1,,,,,Appartement,140.0,4.0,,
35,2016-12-22,78000.0,B,1,35.67,,,,,Appartement,36.0,2.0,,
36,2019-09-10,1120000.0,D,2,93.38,,,,,Appartement,82.0,4.0,,
37,2019-10-29,240000.0,C,1,14.79,,,,,Appartement,12.0,1.0,,
38,2019-03-29,503500.0,C,1,,,,,,Appartement,45.0,3.0,,
39,2015-09-29,122000.0,B,0,,,,,,Maison,115.0,6.0,sols,70.0
40,2019-07-17,490000.0,D,2,,43.64,,,,Appartement,42.0,2.0,,
41,2017-06-13,168000.0,B,0,,,,,,Maison,140.0,5.0,sols,276.0
42,2016-02-01,2650000.0,C,3,222.0,,,,,Appartement,208.0,6.0,,
43,2015-11-05,865000.0,D,2,,87.49,,,,Appartement,90.0,3.0,,
44,2015-07-24,88000.0,B,0,,,,,,Maison,78.0,4.0,sols,322.0
45,2017-05-31,870000.0,C,2,61.55,,,,,Appartement,60.0,3.0,,
46,2017-07-12,35000.0,D,1,10.0,,,,,Dépendance,,0.0,,
47,2019-12-26,71000.0,A,1,87.22,,,,,Local industriel. commercial ou assimilé,92.0,0.0,,
48,2017-12-07,990000.0,C,2,205.09,,,,,Local industriel. commercial ou assimilé,205.0,0.0,,
49,2017-01-07,315500.0,B,3,132.9,132.9,132.9,,,Appartement,131.0,4.0,,
50,2015-02-09,108260.0,D,1,8.26,,,,,Dépendance,,0.0,,
51,2017-05-29,30500.0,B,1,22.36,,,,,Appartement,21.0,1.0,,
52,2017-12-29,1120000.0,C,3,,,156.6,,,Appartement,157.0,6.0,,
53,2018-03-15,75000.0,D,1,6.17,,,,,Dépendance,,0.0,,
54,2016-03-29,90000.0,D,2,,,,,,Dépendance,,0.0,,
55,2017-12-04,376000.0,C,2,45.4,,,,,Appartement,44.0,3.0,,
56,2015-10-30,101000.0,A,0,,,,,,Maison,86.0,4.0,sols,542.0
57,2016-01-25,675800.0,D,1,76.64,,,,,Appartement,81.0,3.0,,
58,2017-06-15,90000.0,D,1,10.4,,,,,Dépendance,,0.0,,
59,2016-01-28,120000.0,B,0,,,,,,Maison,99.0,4.0,sols,356.0
60,2016-07-06,535000.0,D,2,,50.38,,,,Appartement,55.0,2.0,,
61,2015-03-04,110000.0,D,1,8.28,,,,,Dépendance,,0.0,,
62,2016-11-19,39000.0,B,2,,,,,,Dépendance,,0.0,,
63,2015-03-06,80000.0,B,0,,,,,,Maison,112.0,5.0,sols,498.0
64,2015-11-17,32000.0,B,1,31.64,,,,,Appartement,29.0,2.0,,
65,2015-09-25,450000.0,D,2,,57.5,,,,Appartement,58.0,2.0,,
66,2017-08-01,245000.0,D,2,,32.8,,,,Appartement,32.0,2.0,,
67,2019-05-28,950000.0,C,1,,,,,,Appartement,45.0,1.0,,
68,2017-01-26,155000.0,C,1,18.68,,,,,Appartement,20.0,1.0,,
69,2017-04-01,160000.0,B,0,,,,,,Maison,72.0,5.0,sols,255.0
70,2016-06-22,42000.0,A,0,,,,,,Maison,40.0,2.0,sols,482.0
71,2019-03-01,38500.0,B,1,,,,,,Appartement,68.0,2.0,,
72,2017-03-30,1475900.0,C,2,,152.33,,,,Appartement,152.0,5.0,,
73,2019-07-22,422000.0,D,1,39.22,,,,,Appartement,42.0,2.0,,
74,2018-03-16,50000.0,B,1,32.49,,,,,Appartement,53.0,1.0,,
75,2019-08-01,77000.0,B,1,85.35,,,,,Appartement,80.0,4.0,,
76,2017-09-29,280000.0,D,1,28.89,,,,,Appartement,38.0,1.0,,
77,2016-01-15,167000.0,B,0,,,,,,Maison,97.0,5.0,sols,188.0
78,2015-11-20,170000.0,B,0,,,,,,Maison,107.0,4.0,sols,312.0
79,2016-12-14,45000.0,D,1,,,,,,Dépendance,,0.0,,
80,2018-09-18,320000.0,C,1,36.35,,,,,Appartement,34.0,1.0,,
81,2019-04-24,135000.0,D,1,13.85,,,,,Dépendance,,0.0,,
82,2015-03-17,115000.0,D,1,13.69,,,,,Dépendance,,0.0,,
83,2019-04-10,2539800.0,D,2,,247.78,,,,Appartement,239.0,8.0,,
84,2019-06-13,340000.0,C,1,,,,,,Local industriel. commercial ou assimilé,45.0,0.0,,
85,2018-10-19,752200.0,D,2,,72.03,,,,Appartement,66.0,3.0,,
86,2015-09-17,64000.0,D,1,6.02,,,,,Dépendance,,0.0,,
87,2017-03-07,1220000.0,C,2,64.1,,,,,Appartement,66.0,2.0,,
88,2018-10-02,187000.0,B,0,,,,,,Maison,125.0,6.0,sols,586.0
89,2018-04-25,422641.5,D,2,,,,,,Local industriel. commercial ou assimilé,66.0,0.0,,
90,2015-03-30,2037000.0,D,1,190.11,,,,,Appartement,200.0,6.0,,
91,2019-07-30,92000.0,B,1,91.13,,,,,Appartement,91.0,3.0,,
92,2018-04-11,2694200.0,C,2,162.15,,,,,Appartement,156.0,4.0,,
93,2017-12-19,175000.0,B,0,,,,,,Maison,91.0,5.0,sols,708.0
94,2015-01-10,80500.0,B,1,103.38,,,,,Appartement,112.0,6.0,,
95,2016-10-27,417600.0,D,2,43.44,,,,,Appartement,44.0,2.0,,
96,2015-12-28,598000.0,D,1,63.95,,,,,Appartement,65.0,3.0,,
97,2016-03-01,15000.0,B,1,,,,,,Dépendance,,0.0,,
98,2017-12-15,95000.0,B,0,,,,,,Maison,110.0,7.0,sols,225.0
99,2017-08-02,25000.0,D,1,,,,,,Dépendance,,0.0,,
100,2015-12-21,6010.0,B,1,,,,,,Dépendance,,0.0,,
101,2016-04-15,150500.0,B,0,,,,,,Maison,104.0,5.0,sols,339.0
102,2017-04-04,320200.0,C,1,34.66,,,,,Appartement,36.0,2.0,,
103,2018-08-27,462920.0,D,1,,,,,,Appartement,39.0,1.0,,
104,2015-09-15,49000.0,B,1,22.51,,,,,Appartement,21.0,1.0,,
105,2019-10-11,1360000.0,C,1,93.72,,,,,Local industriel. commercial ou assimilé,117.0,0.0,,
106,2015-12-16,941650.0,D,2,,90.89,,,,Appartement,90.0,3.0,,
107,2017-03-25,84000.0,B,1,46.23,,,,,Appartement,58.0,3.0,,
108,2016-05-31,48000.0,B,1,28.37,,,,,Appartement,28.0,1.0,,
109,2015-08-03,270000.0,D,2,47.6,,,,,Appartement,48.0,2.0,,
110,2017-07-26,850000.0,C,4,,,,,,Appartement,72.0,2.0,,
111,2015-12-21,105000.0,C,1,11.8,,,,,Local industriel. commercial ou assimilé,,0.0,,
112,2018-11-27,245000.0,B,3,,112.59,,,,Appartement,112.0,5.0,,
113,2016-07-27,1074545.0,B,0,,,,,,Local industriel. commercial ou assimilé,429.0,0.0,sols,206.0
114,2019-03-12,42000.0,B,0,,,,,,Maison,80.0,4.0,sols,228.0
115,2015-07-21,139000.0,B,0,,,,,,Maison,112.0,6.0,sols,332.0
116,2017-03-31,410000.0,D,2,,54.09,,,,Appartement,55.0,4.0,,
117,2016-05-11,385000.0,D,2,46.87,,,,,Appartement,50.0,2.0,,
118,2015-06-12,1275000.0,C,3,93.19,,,,,Appartement,110.0,3.0,,
119,2015-12-18,213000.0,B,2,,,,,,Appartement,122.0,4.0,,
120,2017-09-26,300000.0,B,0,,,,,,Maison,150.0,5.0,sols,324.0
121,2019-03-14,5300.0,B,2,,,,,,Appartement,243.0,9.0,,
122,2017-11-02,326000.0,C,2,,37.7,,,,Local industriel. commercial ou assimilé,30.0,0.0,,
123,2015-11-03,879600.0,C,2,,95.35,,,,Appartement,101.0,3.0,,
124,2015-10-15,514000.0,C,1,57.36,,,,,Appartement,98.0,3.0,,
125,2017-06-27,150000.0,D,1,,,,,,Appartement,37.0,1.0,,
126,2017-04-29,43000.0,B,2,,29.92,,,,Appartement,30.0,1.0,,
127,2016-11-08,60000.0,D,1,,,,,,Dépendance,,0.0,,
128,2019-11-29,60000.0,D,1,8.7,,,,,Dépendance,,0.0,,
129,2019-03-13,1004831.0,D,1,106.05,,,,,Appartement,103.0,3.0,,
130,2016-03-15,535200.0,D,2,53.85,,,,,Appartement,55.0,2.0,,
131,2017-02-04,105000.0,A,0,,,,,,Maison,98.0,4.0,sols,853.0
132,2017-07-12,960000.0,D,2,91.36,,,,,Appartement,89.0,5.0,,
133,2017-10-30,65000.0,A,0,,,,,,Maison,93.0,6.0,sols,540.0
134,2017-05-31,160000.0,B,0,,,,,,Maison,132.0,4.0,sols,471.0
135,2015-06-09,30000.0,C,1,71.34,,,,,Local industriel. commercial ou assimilé,74.0,0.0,,
136,2017-05-17,483500.0,D,1,53.35,,,,,Local industriel. commercial ou assimilé,53.0,0.0,,
137,2015-03-19,1305050.0,D,3,153.62,,,,,Appartement,143.0,6.0,,
138,2015-07-28,2126379.69,D,2,192.26,,,,,Appartement,193.0,6.0,,
139,2019-05-27,50000.0,C,1,,,,,,Local industriel. commercial ou assimilé,328.0,0.0,,
140,2019-09-09,2000000.0,D,1,152.9,,,,,Appartement,138.0,6.0,,
141,2019-05-21,732500.0,C,1,58.93,,,,,Appartement,68.0,2.0,,
142,2018-03-17,110000.0,B,0,,,,,,Maison,112.0,6.0,sols,406.0
143,2018-04-26,200000.0,D,2,59.78,,,,,Appartement,59.0,3.0,,
144,2019-11-18,1261000.0,C,1,90.1,,,,,Appartement,90.0,2.0,,
145,2016-07-05,24000.0,B,1,,,,,,Dépendance,,0.0,,
146,2018-05-09,470000.0,C,2,,29.54,,,,Appartement,27.0,1.0,,
147,2018-10-30,52000.0,B,1,74.72,,,,,Appartement,74.0,5.0,,
148,2017-06-01,16975000.0,D,0,,,,,,Maison,570.0,14.0,sols,913.0
149,2019-10-04,168500.0,B,0,,,,,,Maison,55.0,3.0,sols,191.0
150,2016-10-21,27302.0,B,0,,,,,,Maison,64.0,3.0,sols,168.0
151,2017-05-24,160000.0,B,0,,,,,,Maison,89.0,4.0,sols,339.0
152,2017-10-20,770000.0,D,2,,,,,,Appartement,75.0,3.0,,
153,2015-01-21,80000.0,B,2,,,,,,Appartement,52.0,2.0,,
154,2015-12-29,570000.0,D,2,,,,,,Appartement,72.0,3.0,,
155,2018-04-20,100000.0,D,1,12.93,,,,,Dépendance,,0.0,,
156,2019-09-26,320000.0,B,3,,84.54,11.8,,,Local industriel. commercial ou assimilé,93.0,0.0,,
157,2017-10-13,155000.0,B,0,,,,,,Local industriel. commercial ou assimilé,275.0,0.0,sols,145.0
158,2019-02-26,101950.0,B,2,,61.95,,,,Appartement,62.0,3.0,,
159,2017-06-09,462150.0,D,2,,40.82,,,,Appartement,48.0,2.0,,
160,2017-01-23,2385756.0,C,2,177.9,,,,,Appartement,184.0,4.0,,
161,2016-03-19,131000.0,A,0,,,,,,Maison,103.0,4.0,sols,580.0
162,2017-02-09,596762.0,D,2,64.73,,,,,Appartement,61.0,3.0,,
163,2015-12-31,51000.0,B,1,76.64,,,,,Appartement,90.0,3.0,,
164,2018-10-19,28000.0,C,1,,,,,,Appartement,61.0,2.0,,
165,2019-12-09,520000.0,C,2,40.19,,,,,Appartement,39.0,2.0,,
166,2016-05-30,133000.0,A,0,,,,,,Maison,103.0,6.0,sols,615.0
167,2019-08-23,630000.0,D,2,,,,,,Appartement,57.0,2.0,,
168,2019-07-22,100000.0,C,1,12.07,,,,,Dépendance,,0.0,,
169,2016-09-13,380000.0,C,2,44.64,,,,,Appartement,42.0,3.0,,
170,2015-01-26,6000.0,A,0,,,,,,Dépendance,,0.0,sols,189.0
171,2019-07-11,7325000.0,D,0,,,,,,Local industriel. commercial ou assimilé,342.0,0.0,sols,365.0
172,2018-06-04,1130000.0,D,2,119.94,,,,,Local industriel. commercial ou assimilé,120.0,0.0,,
173,2015-05-04,110000.0,A,0,,,,,,Maison,108.0,6.0,sols,829.0
174,2019-02-08,41325.0,B,2,,28.07,,,,Appartement,28.0,1.0,,
175,2018-03-12,150000.0,C,1,11.67,,,,,Dépendance,,0.0,,
176,2015-08-19,126000.0,D,1,14.25,,,,,Appartement,17.0,1.0,,
177,2015-03-06,43000.0,B,2,59.48,,,,,Appartement,59.0,3.0,,
178,2018-04-17,100000.0,B,0,,,,,,Maison,70.0,5.0,sols,70.0
179,2015-11-17,285000.0,B,0,,,,,,Local industriel. commercial ou assimilé,120.0,0.0,sols,64.0
180,2015-10-22,190000.0,B,1,86.8,,,,,Appartement,93.0,4.0,,
181,2019-01-24,565000.0,D,2,,41.0,,,,Appartement,42.0,2.0,,
182,2018-12-06,410550.0,C,2,36.79,,,,,Appartement,36.0,1.0,,
183,2015-11-06,520000.0,D,1,49.8,,,,,Appartement,49.0,2.0,,
184,2018-09-15,64000.0,B,2,,,,,,Appartement,62.0,2.0,,
185,2017-02-28,380000.0,D,1,34.75,,,,,Appartement,35.0,1.0,,
186,2019-04-29,1290000.0,D,2,122.48,,,,,Appartement,123.0,3.0,,
187,2019-09-18,1496900.0,C,2,117.35,,,,,Appartement,110.0,3.0,,
188,2016-07-13,1526300.0,C,1,148.93,,,,,Appartement,149.0,6.0,,
189,2015-08-11,71000.0,B,2,49.08,,,,,Appartement,52.0,2.0,,
190,2017-07-27,680000.0,D,3,,,,,,Appartement,87.0,4.0,,
191,2016-07-29,80000.0,B,1,67.46,,,,,Appartement,67.0,3.0,,
192,2015-03-06,17000.0,D,1,,,,,,Dépendance,,0.0,,
193,2018-05-15,395000.0,C,1,34.72,,,,,Appartement,33.0,1.0,,
194,2019-07-09,4544600.0,D,0,,,,,,Maison,234.0,10.0,sols,90.0
195,2015-10-16,20000.0,C,1,6.86,,,,,Dépendance,,0.0,,
196,2016-04-18,270200.0,D,2,32.91,,,,,Appartement,30.0,2.0,,
197,2015-09-29,360000.0,D,1,,,,,,Local industriel. commercial ou assimilé,35.0,0.0,,
198,2017-02-03,17000.0,B,1,,,,,,Dépendance,,0.0,,
199,2019-03-29,1154300.0,D,2,,,,,,Appartement,98.0,3.0,,
200,2017-09-27,700000.0,D,2,101.89,,,,,Appartement,90.0,2.0,,
201,2019-03-12,50000.0,D,1,,,,,,Dépendance,,0.0,,
202,2015-12-10,84385.0,D,1,,,,,,Appartement,48.0,1.0,,
203,2015-11-27,1181000.0,D,2,129.72,,,,,Appartement,139.0,5.0,,
204,2018-08-02,360000.0,C,1,28.76,,,,,Appartement,30.0,1.0,,
205,2019-01-29,327000.0,D,2,28.65,,,,,Appartement,28.0,2.0,,
206,2015-09-15,130000.0,B,0,,,,,,Maison,57.0,4.0,sols,424.0
207,2015-01-05,1100000.0,D,4,,,,,,Appartement,85.0,2.0,,
208,2016-04-21,81000.0,B,2,71.04,,,,,Appartement,68.0,4.0,,
209,2018-09-13,170000.0,B,1,104.74,,,,,Appartement,106.0,3.0,,
210,2015-04-24,182200.0,B,0,,,,,,Maison,132.0,6.0,sols,638.0
211,2019-07-06,98500.0,A,0,,,,,,Maison,87.0,5.0,sols,512.0
212,2017-04-25,165000.0,D,1,16.54,,,,,Appartement,15.0,1.0,,
213,2017-02-10,150.0,B,2,,,,,,Appartement,76.0,3.0,,
214,2019-12-05,44540.0,B,1,29.35,,,,,Appartement,29.0,2.0,,
215,2019-03-27,365000.0,B,2,,132.25,,,,Appartement,124.0,4.0,,
216,2017-03-06,220100.0,D,2,25.17,,,,,Appartement,24.0,1.0,,
217,2017-12-11,560000.0,C,2,43.8,,,,,Appartement,44.0,1.0,,
218,2018-07-31,596000.0,D,1,64.5,,,,,Appartement,68.0,4.0,,
219,2018-12-12,205000.0,B,2,34.89,65.58,,,,Appartement,65.0,2.0,,
220,2015-01-14,47000.0,B,1,,,,,,Appartement,34.0,1.0,,
221,2015-02-06,40000.0,B,1,17.78,,,,,Appartement,20.0,1.0,,
222,2016-08-23,1478500.0,D,3,,148.26,,,,Appartement,143.0,5.0,,
223,2016-09-15,441265.0,D,1,,,,,,Appartement,35.0,1.0,,
224,2015-06-22,20000.0,B,1,,,,,,Local industriel. commercial ou assimilé,35.0,0.0,,
225,2017-09-13,405000.0,B,0,,,,,,Maison,150.0,5.0,sols,1112.0
226,2016-07-27,138000.0,B,0,,,,,,Maison,80.0,4.0,sols,387.0
227,2018-09-04,577000.0,C,2,,,,,,Appartement,34.0,1.0,,
228,2017-01-10,41000.0,D,1,,,,,,Dépendance,,0.0,,
229,2017-06-30,90000.0,B,0,,,,,,Maison,75.0,1.0,sols,320.0
230,2015-12-02,78800.0,B,2,,72.71,,,,Appartement,70.0,4.0,,
231,2018-03-22,45000.0,D,1,,,,,,Dépendance,,0.0,,
232,2015-11-19,70000.0,C,1,,,,,,Dépendance,,0.0,,
233,2016-11-04,4000.0,C,1,,,,,,Appartement,40.0,2.0,,
234,2018-02-12,1392200.0,C,2,77.4,,,,,Appartement,78.0,3.0,,
235,2017-05-29,44000.0,D,1,,,,,,Dépendance,,0.0,,
236,2019-02-27,70000.0,B,2,,,,,,Appartement,89.0,5.0,,
237,2019-11-28,1160000.0,D,2,,87.31,,,,Appartement,89.0,3.0,,
238,2018-10-31,53500.0,B,1,23.84,,,,,Appartement,26.0,1.0,,
239,2018-09-17,560000.0,C,2,,,,,,Appartement,44.0,3.0,,
240,2019-04-29,10900000.0,D,0,,,,,,Local industriel. commercial ou assimilé,480.0,0.0,sols,350.0
241,2017-06-19,1343500.0,D,3,139.1,139.1,,,,Appartement,139.0,4.0,,
242,2018-04-10,941850.0,D,1,71.8,,,,,Appartement,76.0,1.0,,
243,2016-12-08,121000.0,D,1,10.1,,,,,Dépendance,,0.0,,
244,2018-07-24,517000.0,D,1,46.58,,,,,Local industriel. commercial ou assimilé,47.0,0.0,,
245,2018-03-02,24000.0,D,1,,,,,,Dépendance,,0.0,,
246,2016-08-17,68500.0,B,2,60.3,,,,,Appartement,61.0,3.0,,
247,2017-12-09,164000.0,B,0,,,,,,Maison,75.0,4.0,sols,454.0
248,2019-01-14,25000.0,D,1,5.25,,,,,Dépendance,,0.0,,
249,2019-11-25,990000.0,D,2,70.86,,,,,Appartement,72.0,3.0,,
250,2018-05-24,285000.0,D,4,,,,,,Local industriel. commercial ou assimilé,51.0,0.0,,
251,2015-07-30,577500.0,D,2,,,,,,Appartement,70.0,3.0,,
252,2016-06-28,800000.0,D,2,,105.25,,,,Appartement,210.0,7.0,,
253,2017-03-31,655000.0,D,2,,74.86,,,,Appartement,66.0,3.0,,
254,2017-03-30,1865000.0,C,3,173.65,,,,,Appartement,173.0,6.0,,
255,2015-10-09,545950.0,D,1,53.1,,,,,Appartement,55.0,2.0,,
256,2016-10-05,385000.0,D,2,43.67,,,,,Appartement,45.0,2.0,,
257,2016-12-28,50000.0,C,2,,,,,,Appartement,23.0,1.0,,
258,2019-01-14,85000.0,A,0,,,,,,Maison,106.0,5.0,sols,388.0
259,2016-09-01,126000.0,D,1,,,,,,Appartement,11.0,1.0,,
260,2018-10-31,1100000.0,C,1,103.66,,,,,Local industriel. commercial ou assimilé,110.0,0.0,,
261,2015-09-18,194490.0,D,1,24.22,,,,,Appartement,32.0,1.0,,
262,2015-12-30,731650.0,D,1,85.26,,,,,Appartement,84.0,5.0,,
263,2016-02-23,370000.0,D,2,36.09,,,,,Appartement,36.0,2.0,,
264,2018-03-01,1503500.0,D,4,,,,,,Appartement,116.0,4.0,,
265,2018-10-25,327900.0,D,3,,30.26,,,,Appartement,32.0,2.0,,
266,2018-12-18,97000.0,B,2,64.17,,,,,Appartement,70.0,3.0,,
267,2019-09-30,160000.0,C,1,,,,,,Dépendance,,0.0,,
268,2016-01-22,1980000.0,C,2,,68.08,,,,Appartement,71.0,2.0,,
269,2016-06-17,140000.0,B,0,,,,,,Maison,105.0,5.0,sols,427.0
270,2016-02-29,1352657.0,D,2,,136.1,,,,Appartement,135.0,4.0,,
271,2019-01-16,107000.0,A,0,,,,,,Maison,86.0,4.0,sols,542.0
272,2016-11-18,30726.3,A,0,,,,,,Maison,85.0,4.0,sols,532.0
273,2017-12-09,40100.0,B,1,43.45,,,,,Appartement,46.0,2.0,,
274,2019-05-29,578000.0,D,4,55.78,,,,,Local industriel. commercial ou assimilé,55.0,0.0,,
275,2019-04-16,78100.0,D,1,,,,,,Appartement,70.0,3.0,,
276,2019-06-15,69000.0,B,2,,,,,,Appartement,55.0,3.0,,
277,2019-06-21,4500.0,D,1,,,,,,Appartement,74.0,3.0,,
278,2017-10-10,77000.0,A,0,,,,,,Maison,85.0,4.0,sols,282.0
279,2016-08-04,364800.0,D,2,,32.69,,,,Appartement,32.0,1.0,,
280,2017-08-04,751000.0,C,2,66.67,,,,,Appartement,68.0,3.0,,
281,2018-04-13,65000.0,B,1,48.82,,,,,Local industriel. commercial ou assimilé,50.0,0.0,,
282,2019-07-12,910000.0,D,2,,83.05,,,,Appartement,83.0,3.0,,
283,2017-02-07,110000.0,B,3,72.21,2.44,64.92,,,Local industriel. commercial ou assimilé,141.0,0.0,,
284,2017-03-30,600000.0,C,2,48.25,51.66,,,,Appartement,80.0,2.0,,
285,2015-02-26,341250.0,D,2,41.07,,,,,Appartement,48.0,3.0,,
286,2018-03-14,2052550.0,D,3,151.96,,,,,Appartement,165.0,6.0,,
287,2019-10-04,198000.0,B,0,,,,,,Maison,88.0,5.0,sols,263.0
288,2018-05-03,1450000.0,C,3,85.01,,,,,Appartement,88.0,4.0,,
289,2018-06-27,40000.0,D,1,6.0,,,,,Dépendance,,0.0,,
290,2016-10-18,45000.0,D,1,,,,,,Dépendance,,0.0,,
291,2016-07-05,34000.0,B,1,17.74,,,,,Appartement,15.0,1.0,,
292,2019-06-11,735000.0,D,1,66.73,,,,,Appartement,70.0,2.0,,
293,2015-07-15,50000.0,B,3,,,,,,Appartement,109.0,4.0,,
294,2019-11-06,420000.0,D,1,43.42,,,,,Appartement,42.0,2.0,,
295,2018-11-06,120000.0,B,0,,,,,,Maison,110.0,5.0,sols,423.0
296,2019-04-17,1700000.0,C,3,6.3,,157.85,,,Appartement,157.0,6.0,,
297,2015-09-28,361280.0,D,2,35.7,,,,,Appartement,35.0,2.0,,
298,2015-08-19,80000.0,D,1,29.26,,,,,Appartement,30.0,1.0,,
299,2017-11-29,60000.0,B,2,49.76,49.76,,,,Local industriel. commercial ou assimilé,53.0,0.0,,
300,2018-07-13,15000.0,B,1,,,,,,Appartement,112.0,5.0,,
301,2018-03-24,160000.0,B,0,,,,,,Maison,75.0,5.0,sols,405.0
302,2015-06-25,35000.0,B,2,,28.23,,,,Appartement,27.0,1.0,,
303,2015-12-15,600000.0,C,2,58.94,,,,,Appartement,59.0,2.0,,
304,2015-11-18,1420000.0,D,2,,145.11,,,,Appartement,148.0,6.0,,
305,2019-01-14,550000.0,D,1,54.07,,,,,Appartement,55.0,1.0,,
306,2015-02-18,69000.0,B,0,,,,,,Maison,55.0,3.0,sols,191.0
307,2019-09-13,437000.0,D,1,,,,,,Appartement,45.0,4.0,,
308,2017-08-23,1221000.0,D,2,109.53,,,,,Appartement,110.0,4.0,,
309,2015-09-18,610000.0,D,2,,65.75,,,,Appartement,67.0,3.0,,
310,2019-01-10,559600.0,D,1,49.02,,,,,Appartement,50.0,2.0,,
311,2015-12-04,42000.0,B,1,27.57,,,,,Appartement,29.0,1.0,,
312,2019-07-17,990000.0,D,2,89.05,,,,,Appartement,91.0,4.0,,
313,2018-11-26,11600000.0,C,0,,,,,,Maison,610.0,12.0,sols,266.0
314,2019-09-07,110000.0,A,0,,,,,,Maison,210.0,9.0,sols,554.0
315,2019-09-26,698800.0,D,2,,65.87,,,,Appartement,69.0,4.0,,
316,2019-01-25,2700000.0,C,3,188.83,,,,,Appartement,190.0,6.0,,
317,2015-11-27,477550.0,D,2,51.05,,,,,Appartement,49.0,2.0,,
318,2016-12-02,240000.0,C,3,30.7,,,,,Appartement,30.0,1.0,,
319,2015-04-30,2736486.4,C,1,285.25,,,,,Appartement,292.0,8.0,,
320,2018-09-05,1000.0,C,1,,,,,,Local industriel. commercial ou assimilé,33.0,0.0,,
321,2019-04-19,405000.0,D,1,35.15,,,,,Appartement,35.0,2.0,,
322,2017-02-02,2100000.0,C,2,8.53,184.7,,,,Local industriel. commercial ou assimilé,190.0,0.0,,
323,2016-11-21,450000.0,C,1,,,,,,Local industriel. commercial ou assimilé,33.0,0.0,,
324,2018-12-11,89500.0,B,1,63.32,,,,,Appartement,58.0,3.0,,
325,2018-05-25,60000.0,C,1,,,,,,Local industriel. commercial ou assimilé,22.0,0.0,,
326,2019-04-17,900000.0,D,2,86.49,,,,,Appartement,85.0,3.0,,
327,2016-11-18,61920.0,D,1,,,,,,Dépendance,,0.0,,
328,2017-05-13,65000.0,B,2,76.13,,,,,Appartement,44.0,3.0,,
329,2017-07-22,170000.0,A,0,,,,,,Maison,123.0,5.0,sols,869.0
330,2016-03-21,80000.0,C,3,12.61,8.63,,,,Local industriel. commercial ou assimilé,400.0,0.0,,
331,2017-09-20,1065676.0,D,1,107.25,,,,,Appartement,105.0,4.0,,
332,2016-09-06,347000.0,D,2,41.38,,,,,Appartement,46.0,2.0,,
333,2018-04-26,62000.0,D,1,,,,,,Dépendance,,0.0,,
334,2017-07-04,7000.0,B,1,8.53,,,,,Appartement,10.0,1.0,,
335,2018-09-21,1380000.0,D,4,,118.07,118.07,118.07,,Appartement,134.0,6.0,,
336,2017-01-17,85000.0,D,1,10.25,,,,,Dépendance,,0.0,,
337,2016-08-01,215000.0,C,1,22.2,,,,,Appartement,28.0,1.0,,
338,2016-06-30,58000.0,D,1,,,,,,Dépendance,,0.0,,
339,2018-05-04,647840.0,D,6,51.2,,,,,Appartement,80.0,3.0,,
340,2015-07-06,573800.0,D,1,,,,,,Dépendance,,0.0,,
341,2017-08-10,25000.0,B,1,21.66,,,,,Appartement,21.0,1.0,,
342,2017-05-05,168000.0,B,0,,,,,,Maison,75.0,4.0,sols,300.0
343,2018-05-22,113000.0,B,0,,,,,,Maison,47.0,3.0,sols,389.0
344,2018-09-06,420000.0,D,1,39.2,,,,,Appartement,48.0,2.0,,
345,2015-07-10,50000.0,C,2,18.0,,,,,Appartement,18.0,1.0,,
346,2018-12-04,505000.0,D,2,48.05,,,,,Appartement,48.0,2.0,,
347,2017-04-13,75000.0,B,2,,61.95,,,,Appartement,62.0,3.0,,
348,2017-11-20,44100.0,A,0,,,,,,Maison,123.0,6.0,sols,896.0
349,2017-05-29,55000.0,D,1,,,,,,Dépendance,,0.0,,
350,2018-01-06,170000.0,B,0,,,,,,Maison,99.0,4.0,sols,216.0
351,2018-12-15,50000.0,B,1,34.49,,,,,Appartement,31.0,2.0,,
352,2018-10-17,45000.0,D,1,,,,,,Dépendance,,0.0,,
353,2017-08-01,470000.0,D,2,,,,,,Appartement,53.0,2.0,,
354,2017-12-29,27000.0,D,1,,,,,,Dépendance,,0.0,,
355,2018-07-30,40000.0,B,1,25.72,,,,,Appartement,33.0,2.0,,
356,2018-05-12,61000.0,B,2,,48.01,,,,Appartement,48.0,2.0,,
357,2018-10-30,55000.0,B,1,55.17,,,,,Appartement,47.0,2.0,,
358,2018-06-11,472439.0,D,2,46.9,,,,,Appartement,46.0,2.0,,
359,2019-09-04,45000.0,D,1,,,,,,Dépendance,,0.0,,
360,2016-03-08,55000.0,D,1,,,,,,Dépendance,,0.0,,
361,2016-06-22,365000.0,D,2,53.61,,,,,Appartement,52.0,3.0,,
362,2017-12-07,107000.0,C,1,9.75,,,,,Dépendance,,0.0,,
363,2016-07-15,168000.0,B,0,,,,,,Maison,93.0,5.0,sols,460.0
364,2018-03-19,103000.0,D,1,11.87,,,,,Dépendance,,0.0,,
365,2017-09-25,45000.0,B,1,26.25,,,,,Appartement,24.0,1.0,,
366,2016-03-10,763200.0,D,2,,59.43,,,,Appartement,56.0,2.0,,
367,2018-07-04,26000.0,D,1,,,,,,Dépendance,,0.0,,
368,2017-02-02,9300.0,D,1,,,,,,Appartement,22.0,2.0,,
369,2018-12-26,50398.29,D,2,,,,,,Appartement,80.0,3.0,,
370,2016-02-06,105000.0,B,2,99.96,,,,,Appartement,105.0,4.0,,
371,2016-06-02,195000.0,B,2,,115.78,,,,Appartement,125.0,5.0,,
372,2018-04-17,107000.0,A,0,,,,,,Maison,66.0,4.0,sols,618.0
373,2018-09-19,105000.0,D,1,,,,,,Dépendance,,0.0,,
374,2015-12-08,935000.0,D,1,105.27,,,,,Appartement,110.0,4.0,,
375,2016-07-20,825600.0,D,2,100.55,,,,,Appartement,102.0,3.0,,
376,2016-02-04,350000.0,D,1,38.82,,,,,Appartement,39.0,3.0,,
377,2019-03-12,40000.0,D,1,,,,,,Dépendance,,0.0,,
378,2018-12-19,74766.0,B,1,29.17,,,,,Appartement,38.0,2.0,,
379,2017-10-31,400000.0,B,0,,,,,,Maison,170.0,11.0,sols,300.0
380,2016-07-29,43500.0,B,1,31.72,,,,,Appartement,34.0,1.0,,
381,2016-11-24,4120000.0,C,21,,,,,,Local industriel. commercial ou assimilé,513.0,0.0,,
382,2015-07-02,432000.0,D,2,,67.42,,,,Appartement,67.0,2.0,,
383,2015-04-16,605000.0,D,2,71.8,,,,,Appartement,75.0,4.0,,
384,2017-09-25,809426.0,D,2,86.28,,,,,Appartement,84.0,4.0,,
385,2015-11-06,64000.0,A,0,,,,,,Maison,55.0,3.0,sols,130.0
386,2016-10-04,172000.0,D,1,17.47,,,,,Appartement,16.0,1.0,,
387,2016-03-16,25000.0,B,1,,,,,,Local industriel. commercial ou assimilé,40.0,0.0,,
388,2016-03-15,50000.0,D,1,,,,,,Dépendance,,0.0,,
389,2017-05-27,75000.0,B,2,91.53,,,,,Appartement,89.0,5.0,,
390,2018-07-18,78500.0,B,2,,75.29,,,,Appartement,80.0,3.0,,
391,2017-02-23,180000.0,D,2,,19.06,,,,Appartement,18.0,1.0,,
392,2017-06-03,104000.0,B,2,,64.96,,,,Appartement,65.0,3.0,,
393,2015-04-29,195000.0,D,1,20.5,,,,,Appartement,19.0,1.0,,
394,2018-07-30,464550.0,D,2,,36.45,,,,Appartement,36.0,1.0,,
395,2018-11-28,310000.0,D,1,30.38,,,,,Appartement,28.0,1.0,,
396,2018-06-18,66000.0,D,1,,,,,,Dépendance,,0.0,,
397,2015-11-19,95000.0,D,2,10.13,,,,,Dépendance,,0.0,,
398,2019-06-21,2200000.0,D,5,,,272.32,,,Appartement,273.0,4.0,,
399,2017-03-22,1000000.0,D,1,156.93,,,,,Appartement,160.0,6.0,,
400,2015-10-21,100000.0,D,1,13.56,,,,,Appartement,13.0,1.0,,
401,2015-02-21,172000.0,B,0,,,,,,Maison,92.0,4.0,sols,275.0
402,2015-12-16,100000.0,B,0,,,,,,Maison,71.0,5.0,sols,225.0
403,2017-06-15,75000.0,B,2,,71.7,,,,Appartement,67.0,4.0,,
404,2018-06-26,165000.0,B,0,,,,,,Maison,97.0,4.0,sols,164.0
405,2019-09-20,110000.0,B,0,,,,,,Maison,100.0,6.0,sols,437.0
406,2016-07-07,420000.0,D,2,41.7,,,,,Appartement,42.0,2.0,,
407,2019-09-11,1710000.0,C,2,157.06,,,,,Appartement,150.0,3.0,,
408,2017-07-28,150698.0,D,1,15.2,,,,,Appartement,15.0,1.0,,
409,2018-12-19,105000.0,B,2,,,,,,Appartement,76.0,4.0,,
410,2019-03-27,108100.0,D,1,10.28,,,,,Dépendance,,0.0,,
411,2019-06-17,1635500.0,D,2,,108.69,,,,Appartement,110.0,4.0,,
412,2017-07-08,235000.0,B,3,143.08,,21.95,,,Local industriel. commercial ou assimilé,205.0,0.0,,
413,2015-02-17,220000.0,C,2,26.86,,,,,Local industriel. commercial ou assimilé,27.0,0.0,,
414,2017-11-24,920000.0,D,1,90.28,,,,,Appartement,90.0,3.0,,
415,2015-11-23,4153500.0,D,0,,,,,,Maison,395.0,16.0,sols,621.0
416,2015-04-16,540000.0,D,1,65.75,,,,,Appartement,66.0,2.0,,
417,2015-06-18,884020.0,D,2,,,,,,Appartement,113.0,4.0,,
418,2015-11-20,1206250.0,D,2,,134.4,,,,Appartement,136.0,4.0,,
419,2016-12-03,23000.0,B,2,,,,,,Dépendance,,0.0,,
420,2015-11-25,65000.0,D,1,9.48,,,,,Dépendance,,0.0,,
421,2019-09-17,10000.0,B,1,,,,,,Dépendance,,0.0,,
422,2016-08-26,600000.0,D,2,59.72,,,,,Appartement,58.0,3.0,,
423,2018-09-20,2030000.0,D,3,,,,,,Appartement,170.0,5.0,,
424,2018-03-30,750000.0,D,2,,76.5,,,,Appartement,72.0,2.0,,
425,2019-06-17,80000.0,D,1,14.28,,,,,Appartement,13.0,1.0,,
426,2015-06-15,60000.0,D,1,9.03,,,,,Dépendance,,0.0,,
427,2016-09-12,52000.0,C,2,3.17,3.89,,,,Dépendance,,0.0,,
428,2016-09-19,90000.0,C,1,11.13,,,,,Dépendance,,0.0,,
429,2019-07-16,1440000.0,D,1,,,,,,Local industriel. commercial ou assimilé,51.0,0.0,,
430,2015-03-20,169000.0,B,0,,,,,,Maison,77.0,4.0,sols,593.0
431,2017-03-30,666000.0,D,2,72.41,,,,,Appartement,72.0,3.0,,
432,2016-04-11,466700.0,D,1,53.62,,,,,Appartement,52.0,3.0,,
433,2019-08-30,340000.0,D,1,26.15,,,,,Appartement,24.0,1.0,,
434,2017-03-29,45000.0,B,4,,,,,,Appartement,40.0,2.0,,
435,2016-03-16,950000.0,C,1,70.23,,,,,Local industriel. commercial ou assimilé,65.0,0.0,,
436,2017-01-19,228000.0,B,0,,,,,,Maison,105.0,5.0,sols,600.0
437,2017-08-31,60500.0,B,1,30.22,,,,,Appartement,34.0,1.0,,
438,2016-03-11,340000.0,D,4,,,,,,Local industriel. commercial ou assimilé,58.0,0.0,,
439,2015-07-06,65000.0,D,1,,,,,,Dépendance,,0.0,,
440,2016-12-12,140000.0,D,1,14.59,,,,,Appartement,14.0,1.0,,
441,2018-07-04,25000.0,B,1,20.58,,,,,Appartement,21.0,1.0,,
442,2018-12-20,58000.0,A,0,,,,,,Maison,58.0,4.0,sols,648.0
443,2018-01-30,1180000.0,C,2,94.16,,,,,Appartement,100.0,3.0,,
444,2016-10-06,20000.0,D,1,,,,,,Dépendance,,0.0,,
445,2015-03-06,1479000.0,D,2,,,,,,Appartement,133.0,4.0,,
446,2018-10-31,959500.0,D,1,93.71,,,,,Appartement,90.0,3.0,,
447,2019-12-18,939290.0,C,2,63.79,,,,,Appartement,48.0,2.0,,
448,2019-04-11,235000.0,D,1,23.5,,,,,Appartement,23.0,1.0,,
449,2016-04-19,315000.0,D,2,39.1,,,,,Appartement,39.0,2.0,,
450,2018-02-06,857143.0,D,3,79.86,,,,,Appartement,90.0,3.0,,
451,2019-10-31,79439.0,B,2,,,,,,Appartement,90.0,3.0,,
452,2019-03-13,125000.0,A,0,,,,,,Maison,83.0,5.0,sols,565.0
453,2015-12-17,78300.0,D,1,10.02,,,,,Dépendance,,0.0,,
454,2015-07-24,95000.0,B,1,60.34,,,,,Appartement,67.0,4.0,,
455,2019-03-29,30000.0,C,1,,,,,,Dépendance,,0.0,,
456,2016-12-09,265000.0,D,2,,27.6,,,,Appartement,29.0,1.0,,
457,2019-12-16,2950000.0,C,1,187.65,,,,,Local industriel. commercial ou assimilé,180.0,0.0,,
458,2016-05-18,415000.0,D,1,50.41,,,,,Appartement,48.0,2.0,,
459,2017-07-08,76000.0,A,0,,,,,,Maison,95.0,4.0,sols,387.0
460,2016-06-30,585000.0,C,2,62.5,,,,,Appartement,42.0,2.0,,
461,2018-02-15,47500.0,B,1,26.84,,,,,Appartement,27.0,1.0,,
462,2015-05-22,120000.0,B,0,,,,,,Maison,80.0,5.0,sols,355.0
463,2017-07-20,305000.0,B,4,101.95,97.8,96.1,80.15,,Local industriel. commercial ou assimilé,436.0,0.0,,
464,2016-11-30,850000.0,D,2,88.79,,,,,Appartement,89.0,4.0,,
465,2016-05-11,280000.0,D,2,,,,,,Appartement,40.0,1.0,,
466,2017-06-29,106104.0,B,0,,,,,,Maison,101.0,5.0,sols,377.0
467,2019-05-21,111000.0,D,1,9.13,,,,,Dépendance,,0.0,,
468,2015-10-09,238000.0,D,1,26.73,,,,,Appartement,26.0,1.0,,
469,2019-02-13,800.0,D,1,,,,,,Appartement,136.0,5.0,,
470,2016-06-16,1225000.0,D,2,,117.5,,,,Appartement,118.0,4.0,,
471,2015-09-26,72500.0,B,1,48.68,,,,,Appartement,92.0,0.0,,
472,2018-12-19,190000.0,B,1,104.45,,,,,Local industriel. commercial ou assimilé,100.0,0.0,,
473,2017-05-09,40000.0,C,1,,,,,,Dépendance,,0.0,,
474,2015-03-26,1810000.0,C,1,180.16,,,,,Appartement,178.0,5.0,,
475,2017-07-11,47500.0,B,3,48.05,,,,,Appartement,51.0,2.0,,
476,2019-01-24,60000.0,D,1,,,,,,Dépendance,,0.0,,
477,2017-02-28,156000.0,B,0,,,,,,Maison,91.0,4.0,sols,444.0
478,2019-05-06,106500.0,A,0,,,,,,Maison,81.0,4.0,sols,780.0
479,2017-01-17,80000.0,B,1,74.31,,,,,Appartement,76.0,3.0,,
480,2019-12-06,103000.0,B,2,86.15,,,,,Appartement,86.0,4.0,,
481,2015-12-30,160000.0,D,1,22.17,,,,,Appartement,20.0,1.0,,
482,2018-12-06,46000.0,B,1,78.7,,,,,Appartement,92.0,4.0,,
483,2018-01-31,375000.0,D,2,,37.91,,,,Appartement,44.0,3.0,,
484,2017-09-05,60122.0,D,2,,,,,,Appartement,48.0,3.0,,
485,2015-03-18,40000.0,D,1,6.21,,,,,Dépendance,,0.0,,
486,2015-02-17,248000.0,B,0,,,,,,Maison,112.0,6.0,sols,664.0
487,2017-04-14,220000.0,B,0,,,,,,Maison,159.0,6.0,sols,204.0
488,2018-02-22,3475000.0,C,2,150.05,,,,,Appartement,145.0,5.0,,
489,2019-08-05,357700.0,D,2,39.04,,,,,Appartement,40.0,1.0,,
490,2017-07-04,80000.0,D,1,9.26,,,,,Dépendance,,0.0,,
491,2019-10-30,876000.0,D,1,82.04,,,,,Appartement,85.0,3.0,,
492,2019-03-22,440000.0,D,2,,40.0,,,,Appartement,41.0,2.0,,
493,2015-02-26,448000.0,D,1,,,,,,Appartement,55.0,1.0,,
494,2015-07-17,648800.0,D,1,72.04,,,,,Appartement,66.0,3.0,,
495,2015-12-30,2800000.0,D,0,,,,,,Maison,246.0,11.0,sols,396.0
496,2016-06-22,245000.0,D,2,32.74,,,,,Appartement,32.0,1.0,,
497,2016-03-31,445000.0,C,1,52.28,,,,,Appartement,63.0,2.0,,
498,2019-01-10,203000.0,C,1,12.86,,,,,Appartement,12.0,1.0,,
499,2018-02-01,379200.0,D,2,,40.35,,,,Appartement,48.0,2.0,,
500,2018-07-03,663700.0,D,2,54.89,,,,,Appartement,55.0,1.0,,
501,2018-10-13,205000.0,B,0,,,,,,Maison,99.0,5.0,sols,322.0
502,2017-05-19,52000.0,B,2,40.47,,,,,Appartement,39.0,2.0,,
503,2018-05-15,560000.0,C,3,,92.74,,,,Appartement,93.0,3.0,,
504,2017-09-27,510000.0,D,1,52.26,,,,,Appartement,50.0,2.0,,
505,2019-04-18,276900.0,B,0,,,,,,Maison,140.0,6.0,sols,625.0
506,2016-02-29,423000.0,D,2,49.73,,,,,Appartement,48.0,2.0,,
507,2018-04-13,208000.0,B,0,,,,,,Maison,85.0,4.0,sols,678.0
508,2016-02-19,80000.0,B,0,,,,,,Maison,92.0,5.0,sols,286.0
509,2019-10-14,122500.0,A,0,,,,,,Maison,116.0,7.0,sols,543.0
510,2016-06-15,1018000.0,C,2,96.0,,,,,Appartement,92.0,3.0,,
511,2017-06-07,36000.0,C,1,,,,,,Dépendance,,0.0,,
512,2017-11-27,676900.0,C,2,,62.05,,,,Appartement,60.0,2.0,,
513,2018-11-27,15000.0,D,1,,,,,,Appartement,84.0,1.0,,
514,2015-07-02,250900.0,D,2,28.81,,,,,Appartement,25.0,2.0,,
515,2015-12-21,35000.0,C,1,6.43,,,,,Dépendance,,0.0,,
516,2018-08-13,17000.0,B,1,11.6,,,,,Appartement,16.0,1.0,,
517,2018-08-07,230000.0,C,1,,,,,,Appartement,40.0,2.0,,
518,2015-03-03,170000.0,B,0,,,,,,Maison,112.0,5.0,sols,320.0
519,2015-03-03,116000.0,D,1,10.88,,,,,Dépendance,,0.0,,
520,2019-08-02,90000.0,D,1,7.79,,,,,Dépendance,,0.0,,
521,2015-12-23,110000.0,D,1,11.38,,,,,Appartement,11.0,1.0,,
522,2018-01-26,870650.0,C,3,84.41,,,,,Local industriel. commercial ou assimilé,86.0,0.0,,
523,2018-03-29,190000.0,D,1,23.52,,,,,Appartement,22.0,1.0,,
524,2019-01-11,1015000.0,D,1,85.26,,,,,Appartement,90.0,3.0,,
525,2018-10-19,2890000.0,D,0,,,,,,Maison,246.0,11.0,sols,106.0
526,2017-11-09,25000.0,B,1,,,,,,Dépendance,,0.0,,
527,2018-02-16,95000.0,B,2,58.95,,,,,Appartement,57.0,3.0,,
528,2015-12-09,102000.0,B,0,,,,,,Maison,63.0,4.0,sols,173.0
529,2019-07-27,77000.0,A,0,,,,,,Maison,76.0,3.0,sols,604.0
530,2017-02-14,415000.0,D,2,,53.32,,,,Appartement,53.0,2.0,,
531,2017-06-14,25000.0,C,1,,,,,,Dépendance,,0.0,,
532,2017-11-24,155000.0,B,2,60.14,,,,,Appartement,65.0,2.0,,
533,2016-11-30,961000.0,D,2,,90.05,,,,Appartement,92.0,3.0,,
534,2019-07-19,477000.0,C,2,41.22,,,,,Appartement,41.0,1.0,,
535,2019-08-07,300000.0,D,3,,25.08,,,,Appartement,19.0,1.0,,
536,2018-07-03,450000.0,C,2,32.1,,,,,Appartement,30.0,1.0,,
537,2016-09-13,107000.0,D,1,12.43,,,,,Dépendance,,0.0,,
538,2016-03-19,237000.0,B,0,,,,,,Maison,137.0,7.0,sols,810.0
539,2016-09-28,273390.0,D,1,29.5,,,,,Appartement,28.0,1.0,,
540,2015-12-15,450000.0,D,1,53.35,,,,,Local industriel. commercial ou assimilé,263.0,0.0,,
541,2019-07-18,920000.0,D,2,,,,,,Appartement,79.0,4.0,,
542,2016-11-05,87000.0,B,1,52.41,,,,,Appartement,62.0,3.0,,
543,2019-06-20,956600.0,D,3,72.2,,,,,Appartement,70.0,3.0,,
544,2017-10-28,135000.0,B,0,,,,,,Maison,99.0,5.0,sols,349.0
545,2017-09-26,704100.0,D,2,,73.27,,,,Appartement,73.0,3.0,,
546,2019-03-30,185000.0,B,0,,,,,,Maison,180.0,5.0,sols,678.0
547,2019-05-28,480000.0,C,1,55.31,,,,,Local industriel. commercial ou assimilé,87.0,0.0,,
548,2019-01-18,1144780.0,D,2,,100.89,,,,Appartement,100.0,4.0,,
549,2017-07-27,80000.0,C,1,,,,,,Dépendance,,0.0,,
550,2018-10-16,350000.0,C,2,30.01,,,,,Appartement,30.0,1.0,,
551,2018-06-04,267500.0,B,0,,,,,,Maison,128.0,4.0,sols,533.0
552,2017-07-21,1840000.0,D,4,,,,,,Appartement,204.0,6.0,,
553,2015-06-23,1050000.0,D,2,,92.22,,,,Appartement,91.0,3.0,,
554,2017-03-23,800000.0,D,2,,90.66,,,,Appartement,90.0,4.0,,
555,2016-11-14,41000.0,C,1,,,,,,Dépendance,,0.0,,
556,2018-07-18,1283800.0,D,2,114.95,,,,,Appartement,118.0,5.0,,
557,2015-04-15,373800.0,C,2,31.84,,,,,Appartement,44.0,3.0,,
558,2018-05-31,710000.0,D,1,56.18,,,,,Appartement,60.0,3.0,,
559,2019-11-28,455900.0,D,2,,43.1,,,,Appartement,45.0,1.0,,
560,2016-11-30,410000.0,C,1,51.66,,,,,Appartement,58.0,2.0,,
561,2017-07-07,332800.0,D,2,37.23,,,,,Dépendance,,0.0,,
562,2019-09-13,482650.0,C,1,38.6,,,,,Appartement,36.0,1.0,,
563,2015-01-27,80000.0,D,1,37.01,,,,,Appartement,42.0,1.0,,
564,2018-04-09,40000.0,D,1,5.13,,,,,Dépendance,,0.0,,
565,2015-03-02,765000.0,D,1,86.01,,,,,Appartement,86.0,4.0,,
566,2017-10-20,1849100.0,D,1,167.0,,,,,Appartement,165.0,5.0,,
567,2015-06-22,920000.0,D,2,,75.42,,,,Appartement,75.0,3.0,,
568,2016-03-23,475000.0,C,2,34.03,,,,,Appartement,34.0,1.0,,
569,2016-07-23,59000.0,A,0,,,,,,Maison,91.0,4.0,sols,690.0
570,2017-08-23,78000.0,B,2,69.33,,,,,Appartement,67.0,4.0,,
571,2017-07-08,276400.0,B,0,,,,,,Maison,175.0,7.0,sols,388.0
572,2019-10-04,295000.0,D,1,,,,,,Appartement,34.0,1.0,,
573,2017-03-08,44000.0,B,2,45.04,,,,,Appartement,44.0,2.0,,
574,2019-09-27,49000.0,B,3,35.11,,,,,Appartement,36.0,2.0,,
575,2017-07-27,75000.0,D,1,,,,,,Dépendance,,0.0,,
576,2016-09-01,1193500.0,D,1,122.02,,,,,Appartement,115.0,4.0,,
577,2019-11-29,57500.0,C,1,,,,,,Dépendance,,0.0,,
578,2018-06-15,1100000.0,D,2,,73.29,,,,Appartement,73.0,3.0,,
579,2016-09-07,400000.0,D,2,,44.24,,,,Appartement,45.0,2.0,,
580,2015-07-21,502000.0,C,2,47.96,,,,,Appartement,49.0,3.0,,
581,2015-09-28,260000.0,D,1,29.05,,,,,Appartement,25.0,1.0,,
582,2018-06-20,360000.0,C,1,27.63,,,,,Appartement,27.0,1.0,,
583,2017-12-21,158000.0,A,0,,,,,,Maison,99.0,3.0,sols,642.0
584,2015-10-12,122800.0,C,1,9.69,,,,,Appartement,16.0,1.0,,
585,2015-12-22,120000.0,C,1,10.02,,,,,Appartement,12.0,1.0,,
586,2019-05-16,1100000.0,C,2,104.16,,,,,Appartement,99.0,4.0,,
587,2018-03-27,48000.0,B,1,49.1,,,,,Appartement,49.0,2.0,,
588,2016-04-05,150000.0,D,1,27.75,,,,,Appartement,29.0,1.0,,
589,2018-03-02,30000.0,D,1,,,,,,Dépendance,,0.0,,
590,2019-01-18,120000.0,D,1,11.4,,,,,Dépendance,,0.0,,
591,2018-01-20,42000.0,B,2,,34.27,,,,Appartement,34.0,2.0,,
592,2019-01-02,140000.0,B,0,,,,,,Maison,81.0,4.0,sols,345.0
593,2018-02-28,8000000.0,D,0,,,,,,Maison,359.0,9.0,sols,445.0
594,2015-01-10,40000.0,B,1,,,,,,Appartement,80.0,2.0,,
595,2019-07-15,1700000.0,C,3,156.64,,,,,Appartement,130.0,4.0,,
596,2019-10-04,42000.0,B,1,25.92,,,,,Appartement,30.0,1.0,,
597,2018-03-22,280000.0,D,1,32.9,,,,,Appartement,32.0,2.0,,
598,2017-04-28,340000.0,B,0,,,,,,Maison,115.0,4.0,sols,215.0
599,2017-01-20,2450000.0,C,3,181.24,,,,,Appartement,185.0,6.0,,
600,2019-07-01,2007650.0,D,3,152.25,,,,,Appartement,143.0,6.0,,
601,2019-10-03,20000.0,D,1,,,,,,Dépendance,,0.0,,
602,2018-05-18,660000.0,D,2,60.07,,,,,Appartement,56.0,3.0,,
603,2018-05-15,355000.0,D,2,34.5,,,,,Appartement,80.0,3.0,,
604,2017-10-24,684000.0,C,3,55.48,,,,,Appartement,55.0,3.0,,
605,2017-06-20,52000.0,B,2,54.65,,,,,Appartement,55.0,3.0,,
606,2017-09-27,1050000.0,C,1,93.91,,,,,Local industriel. commercial ou assimilé,114.0,0.0,,
607,2015-09-08,840000.0,D,2,83.35,,,,,Appartement,84.0,4.0,,
608,2017-10-20,235000.0,D,2,17.6,21.0,,,,Appartement,40.0,2.0,,
609,2015-11-14,265000.0,C,2,20.35,,,,,Appartement,15.0,1.0,,
610,2019-06-04,379245.0,D,1,33.79,,,,,Appartement,30.0,3.0,,
611,2017-11-24,460000.0,D,1,55.33,,,,,Appartement,55.0,2.0,,
612,2016-06-11,55000.0,A,0,,,,,,Maison,70.0,3.0,sols,231.0
613,2018-09-05,43000.0,B,2,,,,,,Appartement,80.0,3.0,,
614,2018-11-20,900000.0,C,2,96.68,,,,,Appartement,92.0,3.0,,
615,2015-01-27,520000.0,C,2,42.79,,,,,Appartement,50.0,2.0,,
616,2018-08-22,46600.0,B,1,32.9,,,,,Appartement,32.0,2.0,,
617,2019-10-18,510000.0,D,2,,47.2,,,,Appartement,46.0,2.0,,
618,2015-03-03,152500.0,B,0,,,,,,Maison,112.0,5.0,sols,506.0
619,2018-12-21,135000.0,D,2,,15.68,,,,Appartement,25.0,1.0,,
620,2016-03-16,800000.0,D,2,,110.37,,,,Appartement,100.0,4.0,,
621,2018-09-13,861000.0,D,2,,,,,,Appartement,75.0,3.0,,
622,2017-12-07,70000.0,D,1,,,,,,Dépendance,,0.0,,
623,2016-01-05,58000.0,B,2,49.0,,,,,Appartement,50.0,2.0,,
624,2015-01-19,272000.0,C,1,33.0,,,,,Appartement,32.0,2.0,,
625,2015-01-19,205000.0,A,0,,,,,,Maison,120.0,7.0,sols,616.0
626,2016-08-23,55000.0,B,2,,52.62,,,,Appartement,52.0,2.0,,
627,2017-06-15,615000.0,D,1,69.2,,,,,Appartement,67.0,3.0,,
628,2016-10-17,1105500.0,D,2,136.0,,,,,Appartement,145.0,4.0,,
629,2017-03-03,257208.0,D,2,52.02,,,,,Appartement,48.0,2.0,,
630,2016-02-24,470000.0,D,2,75.76,,,,,Appartement,87.0,4.0,,
631,2018-01-10,64000.0,D,1,,,,,,Dépendance,,0.0,,
632,2019-07-04,204000.0,D,1,17.6,,,,,Dépendance,,0.0,,
633,2019-01-18,65000.0,C,1,7.97,,,,,Appartement,18.0,1.0,,
634,2017-03-23,52000.0,A,0,,,,,,Maison,42.0,2.0,sols,297.0
635,2015-08-08,30000.0,B,2,16.74,,,,,Appartement,26.0,2.0,,
636,2015-03-06,860000.0,D,2,103.54,,,,,Appartement,102.0,4.0,,
637,2015-11-13,110000.0,A,0,,,,,,Maison,123.0,6.0,sols,635.0
638,2019-03-12,520000.0,D,1,61.02,,,,,Appartement,58.0,2.0,,
639,2018-11-29,500150.0,D,2,31.6,,,,,Appartement,30.0,2.0,,
640,2019-12-05,1355000.0,D,1,105.03,,,,,Appartement,110.0,4.0,,
641,2017-07-27,117150.0,B,0,,,,,,Maison,96.0,5.0,sols,444.0
642,2016-06-10,299985.0,D,1,27.5,,,,,Appartement,30.0,1.0,,
643,2016-12-28,730000.0,D,2,93.75,,,,,Appartement,91.0,4.0,,
644,2016-07-04,468575.0,D,2,,50.5,,,,Appartement,52.0,3.0,,
645,2015-07-31,2600000.0,C,1,230.67,,,,,Local industriel. commercial ou assimilé,258.0,0.0,,
646,2017-05-06,61000.0,B,1,46.25,,,,,Appartement,50.0,3.0,,
647,2018-03-09,1385000.0,C,2,,103.23,,,,Appartement,100.0,3.0,,
648,2017-05-19,370000.0,B,0,,,,,,Maison,273.0,12.0,sols,159.0
649,2018-12-19,254000.0,C,1,14.1,,,,,Appartement,14.0,1.0,,
650,2017-04-25,1475000.0,C,2,,174.59,,,,Appartement,150.0,4.0,,
651,2018-12-29,120000.0,B,1,67.05,,,,,Appartement,68.0,2.0,,
652,2018-04-16,45000.0,B,1,,,,,,Appartement,34.0,2.0,,
653,2016-08-24,120000.0,C,1,,,,,,Local industriel. commercial ou assimilé,68.0,0.0,,
654,2018-05-30,60000.0,D,1,,,,,,Dépendance,,0.0,,
655,2015-12-22,1110000.0,C,1,48.02,,,,,Appartement,51.0,1.0,,
656,2017-02-21,85000.0,D,1,8.81,,,,,Dépendance,,0.0,,
657,2019-09-10,1121000.0,D,2,,83.66,,,,Appartement,81.0,4.0,,
658,2015-12-28,2080000.0,C,3,,,,,,Appartement,168.0,7.0,,
659,2018-02-14,740800.0,D,2,,69.91,,,,Appartement,69.0,2.0,,
660,2018-10-01,460000.0,D,1,45.87,,,,,Appartement,53.0,2.0,,
661,2019-08-09,335000.0,D,2,30.75,,,,,Appartement,32.0,1.0,,
662,2019-02-13,103000.0,D,1,9.17,,,,,Dépendance,,0.0,,
663,2017-09-27,2500000.0,C,2,205.09,,,,,Local industriel. commercial ou assimilé,205.0,0.0,,
664,2018-09-12,90000.0,B,1,43.07,,,,,Appartement,42.0,2.0,,
665,2015-02-20,121000.0,A,0,,,,,,Maison,82.0,4.0,sols,513.0
666,2015-02-16,385000.0,D,1,49.66,,,,,Appartement,45.0,2.0,,
667,2018-09-06,1795000.0,D,1,167.0,,,,,Appartement,165.0,6.0,,
668,2015-09-12,170000.0,C,2,,,,,,Appartement,37.0,3.0,,
669,2015-04-10,50000.0,D,1,,,,,,Dépendance,,0.0,,
670,2017-04-13,736200.0,D,2,77.26,,,,,Appartement,82.0,4.0,,
671,2018-05-03,80000.0,D,1,,,,,,Dépendance,,0.0,,
672,2017-12-05,80000.0,B,2,,52.48,,,,Appartement,52.0,2.0,,
673,2016-10-13,397150.0,D,2,,46.02,,,,Appartement,46.0,2.0,,
674,2019-03-29,100000.0,B,1,74.55,,,,,Local industriel. commercial ou assimilé,76.0,0.0,,
675,2019-07-23,963000.0,D,2,,88.49,,,,Appartement,95.0,3.0,,
676,2018-11-07,93000.0,B,2,,,,,,Appartement,67.0,3.0,,
677,2019-10-16,515000.0,C,5,,30.78,,,,Local industriel. commercial ou assimilé,30.0,0.0,,
678,2016-09-21,1330000.0,C,1,131.83,,,,,Local industriel. commercial ou assimilé,114.0,0.0,,
679,2019-02-04,280000.0,D,3,32.91,,,,,Appartement,35.0,2.0,,
680,2017-11-20,498400.0,D,2,57.68,,,,,Appartement,59.0,2.0,,
681,2017-04-14,960000.0,C,2,,104.01,,,,Appartement,105.0,4.0,,
682,2017-10-05,248076.92,D,1,26.94,,,,,Appartement,25.0,1.0,,
683,2016-01-07,55000.0,B,2,61.42,,,,,Appartement,62.0,3.0,,
684,2018-05-23,1270000.0,D,2,,134.53,,,,Appartement,134.0,5.0,,
685,2018-08-21,83000.0,B,0,,,,,,Local industriel. commercial ou assimilé,133.0,0.0,sols,86.0
686,2019-02-13,20000.0,C,1,,,,,,Appartement,193.0,5.0,,
687,2015-09-01,580000.0,D,1,71.04,,,,,Appartement,72.0,3.0,,
688,2015-11-05,90000.0,B,0,,,,,,Maison,41.0,3.0,sols,288.0
689,2016-07-27,40000.0,D,1,,,,,,Dépendance,,0.0,,
690,2016-03-21,43000.0,C,1,,,,,,Dépendance,,0.0,,
691,2015-03-25,350000.0,C,2,29.44,,,,,Appartement,31.0,2.0,,
692,2015-12-16,76000.0,D,1,,,,,,Dépendance,,0.0,,
693,2017-10-12,284000.0,D,1,29.47,,,,,Appartement,30.0,1.0,,
694,2017-12-08,25000.0,B,1,34.99,,,,,Appartement,37.0,1.0,,
695,2016-10-27,85000.0,B,2,,67.69,,,,Appartement,67.0,3.0,,
696,2015-06-04,92000.0,D,1,,,,,,Dépendance,,0.0,,
697,2016-11-22,280000.0,D,1,31.63,,,,,Appartement,32.0,2.0,,
698,2018-07-20,111300.0,B,2,,63.25,,,,Appartement,65.0,3.0,,
699,2016-02-04,120000.0,C,1,8.13,,,,,Dépendance,,0.0,,
700,2015-05-13,55000.0,A,0,,,,,,Maison,37.0,2.0,sols,510.0
701,2018-02-20,474900.0,D,2,51.62,,,,,Appartement,51.0,1.0,,
702,2019-02-07,70000.0,D,1,,,,,,Dépendance,,0.0,,
703,2015-03-14,78000.0,A,0,,,,,,Maison,67.0,4.0,sols,431.0
704,2018-08-30,1515000.0,D,2,,118.41,,,,Appartement,110.0,4.0,,
705,2019-02-28,265000.0,D,2,,24.79,,,,Appartement,25.0,1.0,,
706,2017-08-24,50000.0,B,0,,,,,,Maison,54.0,3.0,sols,32.0
707,2017-01-03,1318840.0,D,1,135.7,,,,,Appartement,132.0,5.0,,
708,2016-01-08,130000.0,D,1,13.55,,,,,Appartement,15.0,1.0,,
709,2017-02-10,680000.0,D,2,,83.01,,,,Appartement,85.0,4.0,,
710,2016-05-14,64000.0,B,3,,,51.73,,,Appartement,51.0,2.0,,
711,2015-05-26,3213590.0,C,3,182.06,,,,,Appartement,170.0,5.0,,
712,2016-05-13,230000.0,D,1,24.84,,,,,Appartement,24.0,1.0,,
713,2016-04-08,140000.0,D,2,11.77,5.01,,,,Appartement,15.0,1.0,,
714,2019-02-15,22000.0,D,1,4.18,,,,,Dépendance,,0.0,,
715,2017-08-29,1678100.0,D,3,189.11,,,,,Appartement,178.0,5.0,,
716,2016-07-20,417000.0,D,2,,,,,,Appartement,58.0,3.0,,
717,2019-09-25,105200.0,B,1,,,,,,Appartement,71.0,3.0,,
718,2017-07-20,115000.0,A,0,,,,,,Maison,90.0,4.0,sols,629.0
719,2019-02-15,339950.0,D,1,28.73,,,,,Appartement,35.0,1.0,,
720,2017-07-13,822000.0,D,2,,91.44,,,,Appartement,94.0,3.0,,
721,2018-01-18,250000.0,B,0,,,,,,Maison,103.0,6.0,sols,115.0
722,2015-12-18,467240.0,D,2,,48.38,,,,Appartement,48.0,2.0,,
723,2015-12-11,231325.0,D,2,31.55,,,,,Appartement,40.0,2.0,,
724,2017-08-01,2044200.0,D,4,220.37,8.91,9.21,,,Appartement,205.0,7.0,,
725,2017-04-20,1105150.0,D,1,123.53,,,,,Appartement,135.0,4.0,,
726,2016-07-20,1140000.0,C,1,64.34,,,,,Appartement,68.0,2.0,,
727,2018-02-28,5320000.0,D,0,,,,,,Local industriel. commercial ou assimilé,450.0,0.0,sols,329.0
728,2018-10-19,124000.0,A,0,,,,,,Maison,68.0,3.0,sols,500.0
729,2016-12-27,43500.0,B,1,36.69,,,,,Appartement,38.0,2.0,,
730,2016-04-20,78000.0,A,0,,,,,,Maison,70.0,3.0,sols,938.0
731,2017-06-03,78000.0,A,0,,,,,,Maison,90.0,4.0,sols,600.0
732,2018-05-04,55000.0,B,2,53.59,,,,,Appartement,57.0,2.0,,
733,2018-09-28,80000.0,A,0,,,,,,Maison,72.0,5.0,sols,360.0
734,2017-11-03,80000.0,D,1,9.01,,,,,Dépendance,,0.0,,
735,2018-07-18,240000.0,D,1,32.22,,,,,Appartement,30.0,1.0,,
736,2016-05-24,55000.0,B,2,29.62,,,,,Appartement,36.0,1.0,,
737,2017-02-27,420000.0,D,1,48.75,,,,,Appartement,48.0,2.0,,
738,2017-12-12,835000.0,D,2,,98.72,,,,Appartement,80.0,4.0,,
739,2019-07-19,540000.0,D,1,50.58,,,,,Appartement,48.0,2.0,,
740,2015-10-15,296000.0,D,3,30.96,,,,,Appartement,30.0,1.0,,
741,2019-03-19,50000.0,B,1,,,,,,Appartement,60.0,3.0,,
742,2017-02-17,520000.0,D,2,,54.08,,,,Appartement,55.0,2.0,,
743,2015-06-19,89113.0,B,1,,,,,,Appartement,74.0,3.0,,
744,2015-07-27,642000.0,C,2,60.35,,,,,Appartement,60.0,2.0,,
745,2018-12-12,80000.0,B,1,57.16,,,,,Appartement,52.0,2.0,,
746,2018-05-22,180000.0,B,1,79.83,,,,,Appartement,85.0,3.0,,
747,2018-06-06,65000.0,D,1,,,,,,Dépendance,,0.0,,
748,2019-04-27,45000.0,A,0,,,,,,Maison,45.0,2.0,sols,119.0
749,2018-07-31,670000.0,D,1,67.6,,,,,Appartement,68.0,1.0,,
750,2017-02-02,1.0,D,1,,,,,,Dépendance,,0.0,,
751,2019-01-19,40500.0,B,1,21.92,,,,,Appartement,22.0,1.0,,
752,2019-12-18,66000.0,B,1,51.11,,,,,Appartement,52.0,2.0,,
753,2018-03-16,117500.0,D,1,12.14,,,,,Appartement,10.0,1.0,,
754,2015-10-27,220000.0,C,1,21.47,,,,,Appartement,25.0,1.0,,
755,2018-01-12,470000.0,B,0,,,,,,Maison,227.0,8.0,sols,357.0
756,2016-07-26,547343.0,D,2,,66.8,,,,Appartement,67.0,2.0,,
757,2016-03-31,50000.0,D,1,,,,,,Dépendance,,0.0,,
758,2017-09-11,55000.0,D,1,,,,,,Dépendance,,0.0,,
759,2018-09-20,110000.0,B,2,63.51,,,,,Appartement,63.0,3.0,,
760,2017-04-29,5500.0,B,1,,,,,,Dépendance,,0.0,,
761,2018-01-31,240300.0,B,0,,,,,,Maison,169.0,7.0,sols,301.0
762,2016-07-07,100000.0,D,2,21.28,,,,,Appartement,28.0,1.0,,
763,2015-03-31,38000.0,B,2,30.56,,,,,Appartement,30.0,1.0,,
764,2019-04-03,515000.0,C,2,42.0,,,,,Appartement,42.0,2.0,,
765,2016-04-15,814126.0,D,3,,74.16,,,,Appartement,71.0,3.0,,
766,2016-09-26,270000.0,D,2,,45.37,,,,Appartement,58.0,3.0,,
767,2019-05-13,60000.0,D,1,,,,,,Dépendance,,0.0,,
768,2018-01-08,950600.0,D,3,85.69,,,,,Appartement,78.0,5.0,,
769,2017-02-04,34500.0,B,1,17.78,,,,,Appartement,20.0,1.0,,
770,2015-03-03,365000.0,C,2,36.51,,,,,Appartement,39.0,2.0,,
771,2015-07-09,529500.0,D,2,,55.06,,,,Appartement,55.0,1.0,,
772,2018-11-22,285000.0,D,2,,32.8,,,,Appartement,32.0,2.0,,
773,2016-12-08,20000.0,C,1,4.85,,,,,Appartement,69.0,2.0,,
774,2017-02-24,371000.0,D,2,,44.65,,,,Appartement,41.0,1.0,,
775,2017-12-08,36000.0,C,1,,,,,,Dépendance,,0.0,,
776,2015-05-05,70000.0,D,1,8.57,,,,,Dépendance,,0.0,,
777,2018-10-23,201000.0,B,0,,,,,,Maison,115.0,6.0,sols,354.0
778,2017-07-11,6500000.0,C,16,,,,,,Local industriel. commercial ou assimilé,269.0,0.0,,
779,2016-07-18,630000.0,D,2,65.3,,,,,Appartement,65.0,3.0,,
780,2018-04-27,2105000.0,C,2,192.1,,,,,Appartement,200.0,5.0,,
781,2015-06-19,79000.0,C,1,8.43,,,,,Dépendance,,0.0,,
782,2019-10-07,645650.0,C,2,52.83,,,,,Appartement,55.0,3.0,,
783,2019-12-11,43000.0,D,1,,,,,,Dépendance,,0.0,,
784,2017-01-25,70900.0,B,2,72.39,,,,,Appartement,71.0,4.0,,
785,2019-04-15,160000.0,C,1,,,,,,Local industriel. commercial ou assimilé,13.0,0.0,,
786,2018-10-12,30000.0,B,2,,44.26,,,,Appartement,43.0,2.0,,
787,2019-02-20,116300.0,B,2,64.17,,,,,Appartement,63.0,3.0,,
788,2018-02-28,451500.0,D,1,41.88,,,,,Appartement,42.0,2.0,,
789,2017-02-03,62000.0,B,1,,,,,,Local industriel. commercial ou assimilé,46.0,0.0,,
790,2017-06-15,1245000.0,D,1,109.84,,,,,Appartement,135.0,4.0,,
791,2018-07-03,346300.0,C,1,30.06,,,,,Appartement,29.0,1.0,,
792,2016-03-15,1270000.0,D,3,137.95,,,,,Appartement,135.0,5.0,,
793,2019-05-09,657000.0,C,8,,,,,,Appartement,60.0,4.0,,
794,2015-07-27,717000.0,C,2,,71.04,,,,Appartement,68.0,3.0,,
795,2019-10-31,95000.0,C,1,12.87,,,,,Appartement,12.0,1.0,,
796,2015-12-29,172800.0,D,1,43.87,,,,,Appartement,45.0,1.0,,
797,2015-11-18,650000.0,C,2,62.3,,,,,Local industriel. commercial ou assimilé,113.0,0.0,,
798,2018-10-24,20700.0,B,0,,,,,,Maison,55.0,3.0,sols,191.0
799,2017-09-29,212000.0,D,1,18.72,,,,,Dépendance,,0.0,,
800,2019-09-20,90000.0,D,1,8.28,,,,,Dépendance,,0.0,,
801,2018-11-15,428100.0,D,1,30.06,,,,,Maison,35.0,2.0,,
802,2015-07-07,104500.0,B,0,,,,,,Maison,105.0,5.0,sols,246.0
803,2018-11-19,120000.0,C,1,14.58,,,,,Dépendance,,0.0,,
804,2015-11-13,420000.0,B,0,,,,,,Maison,198.0,8.0,sols,261.0
805,2016-06-30,43000.0,B,1,51.56,,,,,Appartement,118.0,0.0,,
806,2015-02-23,5000.0,C,1,,,,,,Dépendance,,0.0,,
807,2016-04-22,110000.0,A,0,,,,,,Maison,84.0,4.0,sols,599.0
808,2018-09-19,231000.0,D,1,17.0,,,,,Appartement,17.0,1.0,,
809,2018-09-19,45000.0,D,1,,,,,,Dépendance,,0.0,,
810,2017-07-28,558000.0,D,1,56.4,,,,,Appartement,56.0,2.0,,
811,2015-10-28,73000.0,B,2,,,,,,Appartement,68.0,3.0,,
812,2015-05-30,97000.0,B,0,,,,,,Maison,70.0,4.0,sols,228.0
813,2016-03-03,25100.0,B,1,17.13,,,,,Appartement,20.0,1.0,,
814,2015-09-08,97200.0,B,2,,65.4,,,,Appartement,65.0,3.0,,
815,2015-04-20,254500.0,C,2,26.73,,,,,Appartement,29.0,1.0,,
816,2019-05-10,465000.0,D,2,42.68,,,,,Appartement,50.0,2.0,,
817,2018-09-07,800000.0,D,2,,60.07,,,,Local industriel. commercial ou assimilé,77.0,0.0,,
818,2016-07-20,80000.0,C,2,7.84,,,,,Appartement,9.0,1.0,,
819,2016-04-11,113300.0,D,1,9.68,,,,,Dépendance,,0.0,,
820,2018-11-20,400000.0,D,2,33.97,,,,,Appartement,38.0,1.0,,
821,2018-04-24,615508.0,C,2,52.28,,,,,Appartement,63.0,2.0,,
822,2018-01-26,163000.0,A,0,,,,,,Maison,161.0,4.0,sols,1909.0
823,2018-12-21,145050.0,B,0,,,,,,Maison,57.0,4.0,sols,424.0
824,2016-08-22,185000.0,D,1,15.24,,,,,Appartement,13.0,1.0,,
825,2016-05-30,600000.0,C,3,66.77,,,,,Local industriel. commercial ou assimilé,80.0,0.0,,
826,2016-06-28,1128000.0,D,2,111.07,,,,,Appartement,107.0,4.0,,
827,2016-10-10,867500.0,C,2,70.05,,,,,Appartement,72.0,3.0,,
828,2016-09-26,44000.0,D,1,,,,,,Dépendance,,0.0,,
829,2015-01-13,1240000.0,C,2,134.12,,,,,Appartement,132.0,3.0,,
830,2018-10-31,457550.0,D,2,46.28,,,,,Appartement,49.0,2.0,,
831,2017-07-19,915000.0,D,2,107.6,,,,,Appartement,86.0,3.0,,
832,2019-04-17,128000.0,B,2,,33.0,,,,Local industriel. commercial ou assimilé,100.0,0.0,,
833,2017-03-29,2885000.0,D,1,211.04,,,,,Maison,140.0,3.0,,
834,2019-10-16,100000.0,C,1,,,,,,Dépendance,,0.0,,
835,2019-05-20,600000.0,D,1,52.34,,,,,Local industriel. commercial ou assimilé,48.0,0.0,,
836,2018-10-11,650.0,D,1,,,,,,Appartement,115.0,4.0,,
837,2019-01-25,300000.0,D,1,31.95,,,,,Appartement,34.0,1.0,,
838,2017-02-02,830000.0,C,1,69.25,,,,,Appartement,69.0,2.0,,
839,2016-09-27,1000000.0,C,1,82.23,,,,,Appartement,84.0,3.0,,
840,2017-10-02,1310900.0,D,2,81.71,,,,,Appartement,80.0,4.0,,
841,2016-10-07,122000.0,D,2,,,,,,Appartement,15.0,1.0,,
842,2019-04-08,900000.0,C,2,62.1,,,,,Local industriel. commercial ou assimilé,90.0,0.0,,
843,2017-02-02,170000.0,C,2,18.45,,,,,Appartement,21.0,1.0,,
844,2019-03-07,145000.0,B,0,,,,,,Maison,84.0,5.0,sols,447.0
845,2016-06-28,157000.0,B,0,,,,,,Maison,122.0,4.0,sols,274.0
846,2018-08-01,624900.0,D,1,64.69,,,,,Appartement,65.0,4.0,,
847,2015-01-29,50000.0,B,0,,,,,,Maison,85.0,0.0,sols,54.0
848,2016-10-18,100000.0,D,1,10.1,,,,,Dépendance,,0.0,,
849,2018-01-11,52000.0,D,1,,,,,,Dépendance,,0.0,,
850,2015-05-18,1611000.0,D,1,142.67,,,,,Appartement,175.0,4.0,,
851,2017-03-28,246500.0,C,1,20.9,,,,,Appartement,20.0,1.0,,
852,2019-03-07,52000.0,A,0,,,,,,Maison,106.0,5.0,sols,389.0
853,2016-12-30,60000.0,B,1,36.58,,,,,Appartement,29.0,2.0,,
854,2018-04-20,80000.0,C,1,8.61,,,,,Dépendance,,0.0,,
855,2017-12-27,1110000.0,C,1,66.68,,,,,Appartement,65.0,2.0,,
856,2015-12-04,50000.0,D,1,,,,,,Dépendance,,0.0,,
857,2015-06-19,60000.0,A,0,,,,,,Maison,49.0,2.0,sols,466.0
858,2017-04-18,335000.0,D,1,40.58,,,,,Appartement,36.0,2.0,,
859,2019-06-25,215000.0,C,1,23.49,,,,,Appartement,23.0,1.0,,
860,2015-07-17,1100000.0,D,2,106.68,,,,,Appartement,115.0,5.0,,
861,2016-12-22,62000.0,B,2,61.24,,,,,Appartement,57.0,3.0,,
862,2018-02-05,58000.0,D,1,,,,,,Dépendance,,0.0,,
863,2015-10-20,2780400.0,D,0,,,,,,Maison,220.0,9.0,sols,151.0
864,2015-04-20,1232000.0,D,2,,133.3,,,,Appartement,141.0,5.0,,
865,2019-02-20,110000.0,A,0,,,,,,Maison,83.0,4.0,sols,844.0
866,2017-12-20,774000.0,D,1,91.92,,,,,Appartement,90.0,3.0,,
867,2018-07-20,220800.0,C,1,,,,,,Appartement,15.0,1.0,,
868,2016-02-23,30000.0,D,1,,,,,,Dépendance,,0.0,,
869,2017-03-30,85000.0,D,1,10.04,,,,,Dépendance,,0.0,,
870,2017-01-12,50000.0,D,1,,,,,,Dépendance,,0.0,,
871,2017-03-22,510000.0,C,1,43.48,,,,,Appartement,44.0,2.0,,
872,2016-09-23,79000.0,D,1,8.94,,,,,Dépendance,,0.0,,
873,2019-10-10,1000000.0,C,2,51.28,,,,,Appartement,55.0,1.0,,
874,2017-04-18,77000.0,B,2,73.45,,,,,Appartement,74.0,4.0,,
875,2017-10-30,35000.0,D,1,,,,,,Dépendance,,0.0,,
876,2016-01-08,21700.0,C,1,4.34,,,,,Dépendance,,0.0,,
877,2019-11-08,1230700.0,C,2,84.78,,,,,Appartement,89.0,2.0,,
878,2018-05-16,780000.0,D,2,,74.62,,,,Appartement,68.0,3.0,,
879,2017-06-30,165140.0,B,0,,,,,,Maison,123.0,6.0,sols,225.0
880,2018-11-12,380000.0,C,2,,59.09,,,,Appartement,58.0,2.0,,
881,2018-07-26,18000.0,C,1,,,,,,Dépendance,,0.0,,
882,2018-07-06,160000.0,D,1,16.7,,,,,Appartement,20.0,1.0,,
883,2017-12-06,37000.0,D,1,,,,,,Dépendance,,0.0,,
884,2017-02-27,318000.0,C,1,25.9,,,,,Appartement,26.0,1.0,,
885,2017-08-31,825000.0,D,1,96.0,,,,,Local industriel. commercial ou assimilé,109.0,0.0,,
886,2018-10-03,180000.0,B,2,,,,,,Local industriel. commercial ou assimilé,436.0,0.0,,
887,2016-05-26,670000.0,D,2,63.5,,,,,Appartement,74.0,3.0,,
888,2017-01-17,205000.0,D,1,13.97,,,,,Appartement,15.0,2.0,,
889,2016-11-22,80000.0,D,1,13.04,,,,,Appartement,15.0,1.0,,
890,2019-05-15,45000.0,D,1,,,,,,Dépendance,,0.0,,
891,2018-09-21,25000.0,C,1,,,,,,Appartement,9.0,1.0,,
892,2015-11-05,457347.05,C,2,8.53,173.17,,,,Appartement,408.0,0.0,,
893,2017-09-06,879750.0,D,2,75.17,,,,,Appartement,80.0,2.0,,
894,2015-08-27,124000.0,B,0,,,,,,Maison,155.0,6.0,sols,412.0
895,2016-01-22,18000.0,D,1,,,,,,Dépendance,10.0,0.0,,
896,2015-09-04,208000.0,B,0,,,,,,Maison,98.0,5.0,sols,642.0
897,2018-06-11,50000.0,D,1,,,,,,Dépendance,,0.0,,
898,2015-11-18,51200.0,B,1,,,,,,Appartement,64.0,2.0,,
899,2018-12-31,57000.0,B,2,,,,,,Appartement,62.0,3.0,,
900,2017-11-27,846830.0,D,1,88.5,,,,,Appartement,90.0,4.0,,
901,2015-11-25,101600.0,D,1,14.9,,,,,Dépendance,,0.0,,
902,2019-11-22,264200.0,D,1,24.24,,,,,Appartement,27.0,1.0,,
903,2016-07-28,64000.0,B,3,43.75,,,,,Appartement,48.0,2.0,,
904,2016-10-27,80000.0,C,1,10.26,,,,,Dépendance,,0.0,,
905,2015-06-02,130000.0,B,0,,,,,,Maison,107.0,6.0,sols,662.0
906,2018-12-01,35000.0,A,0,,,,,,Maison,38.0,2.0,sols,374.0
907,2018-10-19,343000.0,D,2,27.35,,,,,Appartement,26.0,1.0,,
908,2015-04-17,160600.0,B,0,,,,,,Maison,64.0,3.0,sols,168.0
909,2017-09-20,138000.0,B,0,,,,,,Maison,98.0,6.0,sols,392.0
910,2019-10-29,1308135.0,C,2,82.28,,,,,Appartement,86.0,4.0,,
911,2018-04-12,55000.0,B,1,26.94,,,,,Appartement,30.0,2.0,,
912,2015-05-29,121000.0,B,0,,,,,,Maison,78.0,4.0,sols,346.0
913,2018-12-29,56000.0,B,1,35.66,,,,,Appartement,37.0,1.0,,
914,2017-04-20,375000.0,C,2,41.26,,,,,Appartement,40.0,2.0,,
915,2016-06-24,114000.0,A,0,,,,,,Maison,98.0,4.0,sols,579.0
916,2019-06-21,2740000.0,D,0,,,,,,Maison,240.0,7.0,sols,127.0
917,2019-07-25,420000.0,D,1,,,,,,Appartement,41.0,2.0,,
918,2018-02-21,40000.0,B,1,17.74,,,,,Appartement,15.0,1.0,,
919,2019-01-09,187000.0,C,2,18.81,,,,,Appartement,15.0,2.0,,
920,2015-05-28,70000.0,D,1,,,,,,Dépendance,,0.0,,
921,2018-03-14,1656450.0,D,5,126.6,,,,,Appartement,125.0,5.0,,
922,2017-02-01,430000.0,D,2,,53.45,,,,Appartement,53.0,2.0,,
923,2016-04-01,728500.0,C,1,76.56,,,,,Appartement,67.0,3.0,,
924,2015-09-04,4200000.0,D,0,,,,,,Maison,272.0,10.0,sols,626.0
925,2018-03-16,2360000.0,D,3,239.48,,,,,Appartement,236.0,6.0,,
926,2019-03-12,53500.0,D,1,,,,,,Dépendance,,0.0,,
927,2016-10-07,195000.0,B,0,,,,,,Maison,96.0,5.0,sols,454.0
928,2015-10-27,63500.0,B,1,45.14,,,,,Appartement,26.0,1.0,,
929,2018-02-19,27000.0,D,1,,,,,,Dépendance,,0.0,,
930,2015-06-30,80000.0,B,2,85.41,,,,,Appartement,86.0,4.0,,
931,2015-07-31,273000.0,C,1,31.78,,,,,Appartement,30.0,1.0,,
932,2018-02-01,63125.0,B,2,,66.85,,,,Appartement,67.0,3.0,,
933,2017-01-10,45000.0,B,1,26.84,,,,,Appartement,27.0,1.0,,
934,2018-07-07,26000.0,A,0,,,,,,Maison,53.0,2.0,sols,580.0
935,2015-10-01,519250.0,D,2,,48.01,,,,Appartement,47.0,1.0,,
936,2016-07-15,40000.0,B,2,44.97,,,,,Appartement,43.0,2.0,,
937,2019-09-03,817030.0,D,2,,62.25,,,,Appartement,61.0,3.0,,
938,2018-06-26,424000.0,D,1,50.18,,,,,Appartement,51.0,2.0,,
939,2016-02-04,1621000.0,C,2,172.03,,,,,Appartement,166.0,5.0,,
940,2017-11-30,600000.0,C,2,,,,,,Dépendance,,0.0,,
941,2018-09-28,288000.0,D,2,,,,,,Appartement,36.0,2.0,,
942,2016-09-17,176000.0,B,0,,,,,,Maison,81.0,5.0,sols,436.0
943,2017-12-26,46000.0,B,1,24.61,,,,,Appartement,25.0,1.0,,
944,2016-03-10,185000.0,D,1,27.3,,,,,Appartement,30.0,1.0,,
945,2018-11-09,870000.0,D,2,63.51,,,,,Appartement,74.0,3.0,,
946,2015-01-29,425000.0,D,2,,47.5,,,,Appartement,50.0,2.0,,
947,2017-06-07,105000.0,D,1,,,,,,Appartement,10.0,1.0,,
948,2016-03-25,95000.0,A,0,,,,,,Maison,86.0,4.0,sols,541.0
949,2015-04-29,290000.0,D,2,32.38,,,,,Appartement,30.0,2.0,,
950,2016-04-25,210000.0,B,3,91.5,,,,,Local industriel. commercial ou assimilé,78.0,0.0,,
951,2018-10-17,268000.0,D,1,,,,,,Appartement,25.0,1.0,,
952,2017-09-26,370000.0,C,1,34.12,,,,,Appartement,32.0,2.0,,
953,2016-12-14,55000.0,D,1,,,,,,Dépendance,,0.0,,
954,2019-10-29,6600000.0,C,5,,,,,662.35,Local industriel. commercial ou assimilé,666.0,0.0,,
955,2019-05-28,287900.0,D,1,25.34,,,,,Appartement,26.0,1.0,,
956,2018-11-05,1700000.0,C,2,64.6,89.5,,,,Appartement,44.0,1.0,,
957,2015-12-31,60000.0,D,1,,,,,,Appartement,9.0,1.0,,
958,2019-11-20,15000.0,C,1,,,,,,Local industriel. commercial ou assimilé,7.0,0.0,,
959,2016-11-02,400000.0,D,2,,53.84,,,,Appartement,50.0,2.0,,
960,2016-08-04,3813891.5,C,2,192.8,,,,,Appartement,193.0,4.0,,
961,2018-08-07,100000.0,B,2,78.06,,,,,Appartement,81.0,3.0,,
962,2017-05-10,1.0,D,1,,,,,,Appartement,30.0,2.0,,
963,2018-02-06,1010000.0,D,3,80.37,,,,,Appartement,64.0,3.0,,
964,2018-10-25,71000.0,A,0,,,,,,Maison,125.0,6.0,sols,380.0
965,2016-08-22,118600.0,C,1,10.7,,,,,Dépendance,,0.0,,
966,2015-10-29,178500.0,B,0,,,,,,Maison,135.0,7.0,sols,127.0
967,2016-12-02,686500.0,D,1,87.9,,,,,Appartement,90.0,3.0,,
968,2018-08-24,67900.0,B,1,36.6,,,,,Appartement,39.0,2.0,,
969,2016-04-08,589300.0,D,2,66.07,,,,,Appartement,60.0,3.0,,
970,2015-09-14,1582350.0,C,3,133.1,,20.1,,,Appartement,138.0,7.0,,
971,2015-04-16,31500.0,D,1,,,,,,Dépendance,,0.0,,
972,2018-06-28,237800.0,D,2,,21.26,,,,Appartement,22.0,1.0,,
973,2018-04-12,405000.0,D,1,31.61,,,,,Appartement,39.0,2.0,,
974,2017-07-19,94417.0,D,1,8.26,,,,,Dépendance,,0.0,,
975,2015-11-20,150000.0,B,1,86.7,,,,,Appartement,172.0,0.0,,
976,2016-10-14,401000.0,D,2,46.07,,,,,Appartement,48.0,3.0,,
977,2018-02-13,20000.0,D,3,,,,,,Appartement,40.0,2.0,,
978,2016-05-27,253000.0,B,0,,,,,,Maison,128.0,6.0,sols,453.0
979,2019-08-28,52000.0,A,0,,,,,,Maison,75.0,3.0,sols,222.0
980,2017-03-16,135000.0,B,0,,,,,,Maison,84.0,4.0,sols,201.0
981,2016-11-19,72500.0,B,1,,,,,,Dépendance,,0.0,,
982,2017-12-04,27556.0,D,1,,,,,,Appartement,200.0,6.0,,
983,2016-08-05,290000.0,B,1,70.66,,,,,Local industriel. commercial ou assimilé,114.0,0.0,,
984,2016-12-14,38000.0,B,1,55.5,,,,,Appartement,56.0,3.0,,
985,2019-09-17,1457500.0,C,2,,74.12,,,,Appartement,71.0,3.0,,
986,2018-07-11,250000.0,C,1,29.83,,,,,Appartement,29.0,2.0,,
987,2017-02-09,32000.0,C,1,,,,,,Dépendance,,0.0,,
988,2016-06-30,412000.0,C,1,36.0,,,,,Appartement,39.0,2.0,,
989,2017-07-11,215000.0,D,1,52.24,,,,,Local industriel. commercial ou assimilé,51.0,0.0,,
990,2019-07-18,1697000.0,C,4,155.09,,,,,Appartement,135.0,5.0,,
991,2017-11-17,785000.0,D,6,,,,,,Appartement,98.0,4.0,,
992,2018-07-24,585000.0,D,1,53.25,,,,,Appartement,52.0,2.0,,
993,2018-07-05,221000.0,B,0,,,,,,Maison,100.0,4.0,sols,448.0
994,2019-10-10,115000.0,D,1,11.44,,,,,Dépendance,,0.0,,
995,2017-11-24,513450.0,C,2,41.83,,,,,Appartement,46.0,3.0,,
996,2019-05-17,1250000.0,D,2,109.38,,,,,Appartement,111.0,5.0,,
997,2019-03-15,61000.0,B,2,58.12,,,,,Appartement,58.0,3.0,,
998,2019-04-05,150000.0,B,1,96.04,,,,,Appartement,120.0,5.0,,
999,2015-03-05,70000.0,D,1,,,,,,Dépendance,,0.0,,
1000,2018-08-29,75000.0,B,2,71.32,,,,,Appartement,70.0,3.0,,
1001,2019-05-28,1900000.0,C,1,,,,,,Appartement,46.0,1.0,,
1002,2019-04-05,135000.0,D,1,14.2,,,,,Dépendance,,0.0,,
1003,2017-07-24,95000.0,D,1,,,,,,Dépendance,,0.0,,
1004,2017-06-16,377530.0,D,1,38.15,,,,,Appartement,38.0,2.0,,
1005,2015-09-30,1200.0,D,1,,,,,,Dépendance,,0.0,,
1006,2016-07-28,125000.0,D,1,15.55,,,,,Dépendance,,0.0,,
1007,2016-06-29,250000.0,D,1,23.86,,,,,Appartement,26.0,1.0,,
1008,2019-03-12,72300.0,D,1,8.85,,,,,Dépendance,,0.0,,
1009,2019-10-01,295000.0,D,6,,,,31.79,,Appartement,31.0,1.0,,
1010,2019-12-12,45000.0,D,1,,,,,,Dépendance,,0.0,,
1011,2019-04-12,1510000.0,D,3,,,161.53,,,Appartement,175.0,3.0,,
1012,2017-08-04,37000.0,B,1,26.05,,,,,Appartement,27.0,1.0,,
1013,2018-09-20,38000.0,B,1,,,,,,Appartement,24.0,1.0,,
1014,2016-02-04,42500.0,D,1,,,,,,Dépendance,,0.0,,
1015,2018-12-20,235600.0,B,0,,,,,,Maison,180.0,5.0,sols,121.0
1016,2015-05-29,206500.0,D,1,21.03,,,,,Appartement,22.0,1.0,,
1017,2016-10-21,1200000.0,D,2,,114.61,,,,Appartement,120.0,5.0,,
1018,2016-11-24,200000.0,C,1,,,,,,Dépendance,,0.0,,
1019,2019-05-14,225000.0,D,1,19.77,,,,,Appartement,23.0,1.0,,
